,Frequency_fake,Frequency_real
count,5767.0,5767.0
mean,184.4832668631871,190.08479278654414
std,662.8684453287588,666.1466598641782
min,6.0,6.0
25%,16.0,15.0
50%,45.0,40.0
75%,142.0,136.0
max,36512.0,22084.0
